1,2020/08/22,in,exercise,ç­‹è‚‰ãƒ©ã‚¸ã‚ªä½“æ“,ãã‚“ã«ã ã‚‰ã˜ãŠãŸã„ãã†,https://img.youtube.com/vi/jPeHKtiFXIg/hqdefault.jpg,https://www.youtube.com/watch?v=jPeHKtiFXIg,jPeHKtiFXIg,,2,2,10,description text
2,2020/08/22,out,exercise,ç¸„è·³ã³,ãªã‚ã¨ã³,https://img.youtube.com/vi/2NNFyE3AtVg/hqdefault.jpg,https://www.youtube.com/watch?v=2NNFyE3AtVg&t=2s,2NNFyE3AtVg,ç¸„è·³ã³,3,3,15,description text
3,2020/08/22,in,exercise,ã€ãƒã‚±ãƒ¢ãƒ³å…¬å¼ã€‘ã€Œãƒ©ã‚¸ã‚ªä½“æ“ç¬¬ä¸€ã€ãƒ”ã‚«ãƒãƒ¥ã‚¦ï¼†ã‚¤ã‚·ãƒ„ãƒ–ãƒ†ver. -ãƒã‚±ãƒ¢ãƒ³ Kids TV,ãƒã‚±ãƒ¢ãƒ³ã‚‰ã˜ãŠãŸã„ãã†,https://img.youtube.com/vi/f1T5rUipf2M/mqdefault.jpg,https://www.youtube.com/watch?v=f1T5rUipf2M,f1T5rUipf2M,,2,2,10,description text
4,2020/08/22,in,making,ç°¡å˜ï¼ãƒŸãƒƒã‚­ãƒ¼ãƒã‚¦ã‚¹æãæ–¹ | How to draw Mickey Mouse ï½œãƒ‡ã‚£ã‚ºãƒ‹ãƒ¼,ãŠãˆã‹ã ã¿ã£ããƒ¼,https://img.youtube.com/vi/zaoo8zWT8ek/hqdefault.jpg,https://www.youtube.com/watch?v=zaoo8zWT8ek&t=8s,zaoo8zWT8ek,,2,2,10,description text
5,2020/08/22,out,exercise,ã‚«ãƒ¼ã‚ºä¸‰è¼ªè»Šã§ãŠæ•£æ­©ï¼ç”Ÿå¾Œ10ãƒ¶æœˆèµ¤ã¡ã‚ƒã‚“ã€‚Emma Channel. Cars-tricycle for baby.,ã•ã‚“ã‚Šã‚“ã—ã‚ƒ,https://img.youtube.com/vi/TWE8cjkNNj0/hqdefault.jpg,https://www.youtube.com/watch?v=TWE8cjkNNj0&t=1s,TWE8cjkNNj0,ä¸‰è¼ªè»Š,1,1,15,description text
6,2020/08/22,out,exercise,ã‚¹ãƒˆãƒ©ã‚¤ãƒ€ãƒ¼,ã™ã¨ã‚‰ã„ã ãƒ¼,https://img.youtube.com/vi/lfQpg0a06XE/hqdefault.jpg,https://www.youtube.com/watch?v=lfQpg0a06XE,lfQpg0a06XE,ã‚¹ãƒˆãƒ©ã‚¤ãƒ€ãƒ¼,3,3,30,description text
7,2020/08/22,in,making,æŠ˜ã‚Šç´™ã€æ‰‹è£å‰£ã€ã®æŠ˜ã‚Šæ–¹ã‚’ã©ã“ã‚ˆã‚Šã‚‚ã‚ã‹ã‚Šã‚„ã™ãè§£èª¬,ãŠã‚ŠãŒã¿ ã—ã‚…ã‚Šã‘ã‚“,https://img.youtube.com/vi/0_Ex9uXFI_A/hqdefault.jpg,https://www.youtube.com/watch?v=0_Ex9uXFI_A&t=57s,0_Ex9uXFI_A,æŠ˜ã‚Šç´™,3,3,15,description text
8,2020/08/22,in,snack,ãŠåº—ã®ãµã‚ãµã‚ãƒ‘ãƒ³ã‚±ãƒ¼ã‚­ã€ãƒ›ãƒƒãƒˆã‚±ãƒ¼ã‚­ãƒŸãƒƒã‚¯ã‚¹ã§ç°¡å˜â™ªã€‘Fluffy thick pancake,ãŠã‚„ã¤ ã»ã£ã¨ã‘ãƒ¼ã,https://img.youtube.com/vi/cmAEu9gZQE0/hqdefault.jpg,https://www.youtube.com/watch?v=cmAEu9gZQE0,cmAEu9gZQE0,ãƒ›ãƒƒãƒˆã‚±ãƒ¼ã‚­ç²‰,3,3,30,description text
9,2020/08/22,out,exercise,ãƒã‚¦ã‚¹ãƒ†ãƒ³ãƒœã‚¹ã®å·¨å¤§ãƒ—ãƒ¼ãƒ«ï¼ã‚ã„ã‚ã„ãƒ“ãƒ¼ãƒã§éŠã‚“ã ã‚ˆâ™ª,ã·ãƒ¼ã‚‹,https://img.youtube.com/vi/wX-SLZ25Dy8/hqdefault.jpg,https://www.youtube.com/watch?v=wX-SLZ25Dy8,wX-SLZ25Dy8,ãƒ—ãƒ¼ãƒ«,3,3,60,description text
10,2020/08/22,out,exercise,æ–°å®¿å¾¡è‹‘,ã“ã†ãˆã‚“,https://img.youtube.com/vi/23gqL41YZdg/hqdefault.jpg,https://www.youtube.com/watch?v=23gqL41YZdg,23gqL41YZdg,,2,2,60,description text
11,2020/08/22,in,snack,ãƒãƒŠãƒŠã‚±ãƒ¼ã‚­,ã°ãªãªã‘ãƒ¼ã,https://img.youtube.com/vi/pktkAKsTsyU/hqdefault.jpg,https://www.youtube.com/watch?v=pktkAKsTsyU,pktkAKsTsyU,,3,3,15,description text
12,2020/08/22,in,making,ã¯ã˜ã‚ã¦ã®ãƒ¬ã‚´,ã‚Œã”,https://img.youtube.com/vi/pjBhEj5DCeI/hqdefault.jpg,https://www.youtube.com/watch?v=pjBhEj5DCeI,pjBhEj5DCeI,ãƒ¬ã‚´,3,3,30,description text
13,2020/08/22,in,game,ã€äººç”Ÿåˆã€‘ã‚ã¤ã¾ã‚Œã©ã†ã¶ã¤ã®æ£®éŠã‚“ã§ã¿ãŸï¼ãƒãƒ¼ãƒˆæ± ã®å³¶å³é¸ã—ãŸã‚‰åœ°ç„ã§ã—ãŸwã€ã‚ã¤æ£®ã€‘ã€ãƒ’ã‚«ã‚­ãƒ³ã‚²ãƒ¼ãƒ ã‚ºã€‘,ã©ã†ã¶ã¤ã®ã‚‚ã‚Š,https://img.youtube.com/vi/tM1eKXldWdk/hqdefault.jpg,https://www.youtube.com/watch?v=tM1eKXldWdk&t=16s,tM1eKXldWdk,switch,5,5,30,ã€äººç”Ÿåˆã€‘ã‚ã¤ã¾ã‚Œã©ã†ã¶ã¤ã®æ£®éŠã‚“ã§ã¿ãŸï¼ãƒãƒ¼ãƒˆæ± ã®å³¶å³é¸ã—ãŸã‚‰åœ°ç„ã§ã—ãŸwã€ã‚ã¤æ£®ã€‘ã€ãƒ’ã‚«ã‚­ãƒ³ã‚²ãƒ¼ãƒ ã‚ºã€‘
14,2020/08/22,in,making,ã‚®ãƒã‚¹èªå®š[æŠ˜ã‚Šç´™origami]ä¸–ç•Œä¸€é£›è¡Œæ™‚é–“ãŒé•·ã„ç´™é£›è¡Œæ©Ÿã®æŠ˜ã‚Šæ–¹ The best in the world paper airplane,ãŠã‚ŠãŒã¿ ã²ã“ã†ã,https://img.youtube.com/vi/A6g5cKAwSRA/hqdefault.jpg,https://www.youtube.com/watch?v=A6g5cKAwSRA,A6g5cKAwSRA,æŠ˜ã‚Šç´™,3,3,15,ã“ã®ç´™é£›è¡Œæ©Ÿã¯é£›è¡Œæ™‚é–“ãŒã‚®ãƒã‚¹ã«èªå®šã•ã‚Œã¦ã‚‹ç‰©ã§ã™ï¼æ˜¯éã¿ãªã•ã‚“ã‚‚é£›ã°ã—ã¦ã¿ãŸã‚‰ã„ã‹ãŒã§ã—ã‚‡ã†ã‹ï¼Ÿ
15,2020/08/22,in,exercise,ã€èµ¤ã¡ã‚ƒã‚“å¤§å–œã³ã€‘ãµã‚Œã‚ã„éŠã³ã†ãŸğŸ‘¶ğŸ»ğŸ¼ğŸ’ã€ä¿è‚²åœ’ã€‘,ã‚ãã³ã†ãŸ,https://img.youtube.com/vi/sLw_W4vnYdw/hqdefault.jpg,https://www.youtube.com/watch?v=sLw_W4vnYdw,sLw_W4vnYdw,,1,1,10,description text
16,2020/08/22,in,exercise,èµ¤ã¡ã‚ƒã‚“ã®ãƒªãƒˆãƒŸãƒƒã‚¯ä½“æ“/ãƒŸãƒƒã‚­ãƒ¼ãƒã‚¦ã‚¹ãƒãƒ¼ãƒâ‘ ,ãƒŸãƒƒã‚­ãƒ¼ãƒã‚¦ã‚¹ãƒãƒ¼ãƒ,https://img.youtube.com/vi/86hIgLVOAkM/hqdefault.jpg,https://www.youtube.com/watch?v=86hIgLVOAkM,86hIgLVOAkM,,1,1,10,0æ­³ã‹ã‚‰ã§ãã‚‹ãƒªãƒˆãƒŸãƒƒã‚¯ã®ã”ç´¹ä»‹ã§ã™ã€‚æ…£ã‚Œã¦ããŸã‚‰ã€éŸ³æ¥½ã«åˆã‚ã›ãšãŠæ¯ã•ã‚“ã®ã‹ã‘å£°ã§è§¦ã‚‹éƒ¨ä½ã‚’å¤‰ãˆã¦ã„ãã¾ã—ã‚‡ã†ã€‚ã‚¿ã‚¤ãƒŸãƒ³ã‚°ã‚„ãƒ†ãƒ³ãƒãªã©ã‚’å¤‰ãˆå¿œç”¨ã—ã¦ã„ãã“ã¨ã«ã‚ˆã‚ŠãƒªãƒˆãƒŸãƒƒã‚¯ã®è¦ç´ ãŒå¢—ãˆã¦ã„ãã¾ã™ï¼
17,2020/08/22,in,making,ã€0~2æ­³ã€‘æ±šã‚Œãªã„ï¼è¶…ç°¡å˜ï¼ãƒ•ã‚£ãƒ³ã‚¬ãƒ¼ãƒšã‚¤ãƒ³ãƒˆã¨ã¯ï¼Ÿã€ä¿è‚²åœ’ã§ã®ã‚„ã‚Šæ–¹ãƒ»ã­ã‚‰ã„ã€‘,ãµãƒã‚“ãŒãƒ¼ãºã„ã‚“ã¨,https://img.youtube.com/vi/F34N1E2yeE8/hqdefault.jpg,https://www.youtube.com/watch?v=F34N1E2yeE8,F34N1E2yeE8,,1,1,30,ã€0~2æ­³ã€‘æ±šã‚Œãªã„ï¼è¶…ç°¡å˜ï¼ãƒ•ã‚£ãƒ³ã‚¬ãƒ¼ãƒšã‚¤ãƒ³ãƒˆã¨ã¯ï¼Ÿã€ä¿è‚²åœ’ã§ã®ã‚„ã‚Šæ–¹ãƒ»ã­ã‚‰ã„ã€‘
18,2020/08/22,in,making,ã€ã«ã˜ã¿çµµã€‘è¶…ç°¡å˜ï¼å¯æ„›ã„ï¼ã²ãªã¾ã¤ã‚Šè£½ä½œã€2~3æ­³å…å‘ã‘ã€‘,ã²ãªã¾ã¤ã‚Š,https://img.youtube.com/vi/wKx1L-v16Mw/hqdefault.jpg,https://www.youtube.com/watch?v=wKx1L-v16Mw,wKx1L-v16Mw,,2,2,30,ã€ã«ã˜ã¿çµµã€‘è¶…ç°¡å˜ï¼å¯æ„›ã„ï¼ã²ãªã¾ã¤ã‚Šè£½ä½œã€2~3æ­³å…å‘ã‘ã€‘
19,2020/08/22,in,singing,æ˜Ÿé‡æº - ãƒ‰ãƒ©ãˆã‚‚ã‚“ï¼ˆLive at Tokyo Dome 2019ï¼‰,ã†ãŸ ã©ã‚‰ãˆã‚‚ã‚“,https://img.youtube.com/vi/I_Na3ZUUooM/hqdefault.jpg,https://www.youtube.com/watch?v=I_Na3ZUUooM,I_Na3ZUUooM,,1,1,10,"Netflixã«ã¦å…¨ä¸–ç•Œé…ä¿¡ä¸­ã€‚æ˜Ÿé‡æºã€DOME TOUR ""POP VIRUS"" at TOKYO DOMEã€"
20,2020/08/22,in,making,æŠ˜ã‚Šç´™ ã±ãã±ã,ãŠã‚ŠãŒã¿ ã±ãã±ã,https://img.youtube.com/vi/Do8FX9D2Sac/hqdefault.jpg,https://www.youtube.com/watch?v=Do8FX9D2Sac,Do8FX9D2Sac,æŠ˜ã‚Šç´™,1,1,10,æŠ˜ã‚Šç´™ã§ã€Œãƒ‘ã‚¯ãƒ‘ã‚¯ï¼ˆã±ãã±ãï¼‰ã€ã‚’æŠ˜ã£ã¦ã¿ã¾ã—ãŸã€‚æ—¥æœ¬ä¼çµ±ã®æŠ˜ã‚Šç´™ã§ã€ã¨ã¦ã‚‚ç°¡å˜ã«æŠ˜ã‚‹äº‹ãŒå‡ºæ¥ã‚‹ã®ã§ã€ãŠå­æ§˜ã«ã‚‚ã‚ªã‚¹ã‚¹ãƒ¡ã§ã™ã€‚é¡”ã‚’æãã¨ã‚‚ã£ã¨ã‹ã‚ã„ããªã‚‹ãƒ‘ã‚¯ãƒ‘ã‚¯ã®æŠ˜ã‚Šç´™ã§ã™ã€‚ã“ã“ã§ä½¿ã£ã¦ã„ã‚‹æŠ˜ã‚Šç´™ã¯15cmÃ—15cmã®ç‰‡é¢æŠ˜ã‚Šç´™ã¨ãªã‚Šã¾ã™ã€‚â˜†ã‚ˆã‚ã—ã‘ã‚Œã°å‹•ç”»ã®è©•ä¾¡ã¨ã‚³ãƒ¡ãƒ³ãƒˆã‚’ãŠé¡˜ã„ã—ã¾ã™ï¼
21,2020/08/22,in,snack,ãƒ•ãƒ«ãƒ¼ãƒã‚§,ãµã‚‹ãƒ¼ã¡ã‡,https://img.youtube.com/vi/kIqPkaRj90o/hqdefault.jpg,https://www.youtube.com/watch?v=kIqPkaRj90o,kIqPkaRj90o,ãƒ•ãƒ«ãƒ¼ãƒã‚§,1,1,15,description text
22,2020/08/22,in,making,ã‚¢ãƒ³ãƒ‘ãƒ³ãƒãƒ³â™¬ å¤©æ‰è„³ãŠã—ã‚ƒã¹ã‚Šã‚‰ããŒãæ•™å®¤DXã§drawingã—ãŸã‚ˆï¼ãŠã¨ãŒãªã‚‹ãƒšãƒ³ï¼ï¼Ÿã°ã„ãã‚“ã¾ã‚“ã‚‚ãŠçµµæãâ™¬,ãŠãˆã‹ã ã‚ã‚“ã±ã‚“ã¾ã‚“,https://img.youtube.com/vi/lAtuSxjQn2c/hqdefault.jpg,https://www.youtube.com/watch?v=lAtuSxjQn2c,lAtuSxjQn2c,,3,3,15,description text
23,2020/08/22,in,making,è¶…ç°¡å˜ï¼å¯æ„›ã„â™¡æŠ˜ã‚Šç´™1æšã§ç‰›ä¹³ãƒ‘ãƒƒã‚¯é¢¨ç´™è¢‹ã®ä½œã‚Šæ–¹,ãŠã‚ŠãŒã¿ ã‹ã¿ã¶ãã‚,https://img.youtube.com/vi/6ZBMe5ZLogI/hqdefault.jpg,https://www.youtube.com/watch?v=6ZBMe5ZLogI,6ZBMe5ZLogI,æŠ˜ã‚Šç´™,3,3,15,description text
24,2020/08/22,out,exercise,è‡ªè»¢è»Š,ã˜ã¦ã‚“ã—ã‚ƒ,https://img.youtube.com/vi/GKtlw3w3YHE/hqdefault.jpg,https://www.youtube.com/watch?v=GKtlw3w3YHE,GKtlw3w3YHE,è‡ªè»¢è»Š,3,3,30,description text
25,2020/08/22,out,exercise,å…¬åœ’ ãƒ–ãƒ©ãƒ³ã‚³,ã¶ã‚‰ã‚“ã“,https://img.youtube.com/vi/47RafczeJ8k/hqdefault.jpg,https://www.youtube.com/watch?v=47RafczeJ8k,47RafczeJ8k,å…¬åœ’,2,2,30,description text
26,2020/08/22,out,exercise,å…¬åœ’ æ»‘ã‚Šå°,ã™ã¹ã‚Šã ã„,https://img.youtube.com/vi/p37xK5xjL98/hqdefault.jpg,https://www.youtube.com/watch?v=p37xK5xjL98,p37xK5xjL98,å¿œæ´,2,2,30,description text
27,2020/08/22,in,singing,ã€ã‚¢ãƒŠã¨é›ªã®å¥³ç‹ã€ã€€æ¾ãŸã‹ã“ãŒæ­Œã†ã€ŒLet It Goã€,ã‚ãªã¨ã‚†ãã®ã˜ã‚‡ã†ãŠã†,https://img.youtube.com/vi/A2cYNa_EsKA/hqdefault.jpg,https://www.youtube.com/watch?v=A2cYNa_EsKA,A2cYNa_EsKA,,3,10,10,description text
28,2020/08/22,in,singing,ã‚¨ãƒ“ã‚«ãƒ‹ã‚¯ã‚¹ï¼ã‚±ãƒ­ãƒãƒ³ã‚ºï¼»Official Music Videoï¼½,ã‚¨ãƒ“ã‚«ãƒ‹ã‚¯ã‚¹,https://img.youtube.com/vi/U9nmGLZUGR4/hqdefault.jpg,https://www.youtube.com/watch?v=U9nmGLZUGR4,U9nmGLZUGR4,,1,10,10,description text
29,2020/08/22,in,singing,ã€ç«¥è¬¡ã€‘æ‰‹ã®ã²ã‚‰ã‚’å¤ªé™½ã«â™ª,ã¦ã®ã²ã‚‰ã‚’ãŸã„ã‚ˆã†ã«,https://img.youtube.com/vi/C3JSys-Vla0/hqdefault.jpg,https://www.youtube.com/watch?v=C3JSys-Vla0,C3JSys-Vla0,,1,10,10,description text
30,2020/08/22,in,singing,ã©ã“ã¾ã§ã‚‚ ï½How Far Iâ€™ll Goï½ï¼æ—¥æœ¬èªã‚½ãƒ³ã‚°ï½œãƒ¢ã‚¢ãƒŠã¨ä¼èª¬ã®æµ· MovieNEX,ãƒ¢ã‚¢ãƒŠã¨ã§ã‚“ã›ã¤ã®ã†ã¿,https://img.youtube.com/vi/75tZrqDVr98/hqdefault.jpg,https://www.youtube.com/watch?v=75tZrqDVr98,75tZrqDVr98,,1,10,10,description text
31,2020/08/22,in,singing,ã‚¢ãƒ©ã‚¸ãƒ³ï½A Whole New Worldï¼ˆæ—¥æœ¬èªç‰ˆï¼‰,ã‚ã‚‰ã˜ã‚“,https://img.youtube.com/vi/wYpJmY0GJaM/hqdefault.jpg,https://www.youtube.com/watch?v=wYpJmY0GJaM,wYpJmY0GJaM,,1,10,10,description text
32,2020/08/22,in,singing,"Takako Matsu, Yoh Yoshida - ã¿ã›ã¦ã€ã‚ãªãŸã‚’ (ã‚¢ãƒŠã¨é›ªã®å¥³ç‹ï¼’ï¼MVãƒ•ãƒ«ãƒãƒ¼ã‚¸ãƒ§ãƒ³)",ã‚¢ãƒŠã¨ã‚†ãã®ã˜ã‚‡ã†ãŠã†ï¼’,https://img.youtube.com/vi/ybi8V7lk-Qo/hqdefault.jpg,https://www.youtube.com/watch?v=ybi8V7lk-Qo,ybi8V7lk-Qo,,1,10,10,description text
33,2020/08/22,in,singing,ãƒªãƒˆãƒ«ãƒ»ãƒãƒ¼ãƒ¡ã‚¤ãƒ‰ ã‚¢ãƒ³ãƒ€ãƒ¼ãƒ»ã‚¶ãƒ»ã‚·ãƒ¼ - 1989 / 1999 - Under The Sea - Japanese,ã‚ã‚“ã ãƒ¼ã–ã—ãƒ¼,https://img.youtube.com/vi/26yC2jEvqNE/hqdefault.jpg,https://www.youtube.com/watch?v=26yC2jEvqNE,26yC2jEvqNE,,1,10,10,description text
34,2020/08/22,in,singing,é›ªã ã‚‹ã¾ä½œã‚ã†,ã‚†ãã ã‚‹ã¾ã¤ãã‚ã†,https://img.youtube.com/vi/_Gk-VrYteBI/hqdefault.jpg,https://www.youtube.com/watch?v=_Gk-VrYteBI,_Gk-VrYteBI,,1,10,10,description text
35,2020/08/22,in,singing,è¼ãæœªæ¥ã€€ï¼ˆå¡”ã®ä¸Šã®ãƒ©ãƒ—ãƒ³ãƒ„ã‚§ãƒ«ï¼‰,ã‹ãŒã‚„ãã¿ã‚‰ã„ ãƒ©ãƒ—ãƒ³ãƒ„ã‚§ãƒ«,https://img.youtube.com/vi/YRrl0W2NfTI/hqdefault.jpg,https://www.youtube.com/watch?v=YRrl0W2NfTI,YRrl0W2NfTI,,1,10,10,description text
36,2020/08/22,in,singing,å¡”ã®ä¸Šã®ãƒ©ãƒ—ãƒ³ãƒ„ã‚§ãƒ«ã€€ï½è‡ªç”±ã¸ã®æ‰‰ï½,ã˜ã‚†ã†ã¸ã®ã¨ã³ã‚‰ ãƒ©ãƒ—ãƒ³ãƒ„ã‚§ãƒ«,https://img.youtube.com/vi/IOtr8Tp_SLs/hqdefault.jpg,https://www.youtube.com/watch?v=IOtr8Tp_SLs,IOtr8Tp_SLs,,1,10,,
37,2020/08/22,in,singing,You Can Fly,ãƒ¦ãƒ¼ãƒ»ã‚­ãƒ£ãƒ³ãƒ»ãƒ•ãƒ©ã‚¤ã€€ï¼ˆãƒ”ãƒ¼ã‚¿ãƒ¼ãƒ‘ãƒ³ï¼‰,https://img.youtube.com/vi/7l30yMMebvI/hqdefault.jpg,https://www.youtube.com/watch?v=7l30yMMebvI,7l30yMMebvI,,1,10,,
38,2020/08/22,in,singing,ãƒ•ãƒ¬ãƒ³ãƒ‰ãƒ»ãƒ©ã‚¤ã‚¯ãƒ»ãƒŸãƒ¼ã€€ï¼ˆã‚¢ãƒ©ã‚¸ãƒ³ï¼‰,ãƒ•ãƒ¬ãƒ³ãƒ‰ãƒ»ãƒ©ã‚¤ã‚¯ãƒ»ãƒŸãƒ¼ã€€ï¼ˆã‚¢ãƒ©ã‚¸ãƒ³ï¼‰,https://img.youtube.com/vi/_OUjkYeZNUw/hqdefault.jpg,https://www.youtube.com/watch?v=_OUjkYeZNUw,_OUjkYeZNUw,,1,10,,
39,2020/08/22,in,singing,ãƒã‚¯ãƒŠãƒ»ãƒã‚¿ã‚¿ã€€ï¼ˆãƒ©ã‚¤ã‚ªãƒ³ãƒ»ã‚­ãƒ³ã‚°ï¼‰,ãƒã‚¯ãƒŠãƒ»ãƒã‚¿ã‚¿ã€€ï¼ˆãƒ©ã‚¤ã‚ªãƒ³ãƒ»ã‚­ãƒ³ã‚°ï¼‰,https://img.youtube.com/vi/F3QjqT4i1I4/hqdefault.jpg,https://www.youtube.com/watch?v=F3QjqT4i1I4,F3QjqT4i1I4,,1,10,,
40,2020/08/22,in,singing,èª°ã«ã§ã‚‚å¤¢ã¯ã‚ã‚‹ã€€ï¼ˆå¡”ã®ä¸Šã®ãƒ©ãƒ—ãƒ³ãƒ„ã‚§ãƒ«ï¼‰,ã ã‚Œã«ã§ã‚‚ã‚†ã‚ã¯ã‚ã‚‹ ãƒ©ãƒ—ãƒ³ãƒ„ã‚§ãƒ«,https://img.youtube.com/vi/pxD07kyDToQ/hqdefault.jpg,https://www.youtube.com/watch?v=pxD07kyDToQ,pxD07kyDToQ,,1,10,,
41,2020/08/22,in,singing,ãƒ“ãƒ“ãƒ‡ã‚£ãƒ»ãƒãƒ“ãƒ‡ã‚£ãƒ»ãƒ–ãƒ¼ã€€ï¼ˆã‚·ãƒ³ãƒ‡ãƒ¬ãƒ©ï¼‰,ãƒ“ãƒ“ãƒ‡ã‚£ãƒ»ãƒãƒ“ãƒ‡ã‚£ãƒ»ãƒ–ãƒ¼ã€€ï¼ˆã‚·ãƒ³ãƒ‡ãƒ¬ãƒ©ï¼‰,https://img.youtube.com/vi/ZmTsdafCeRY/hqdefault.jpg,https://www.youtube.com/watch?v=ZmTsdafCeRY,ZmTsdafCeRY,,1,10,,
42,2020/08/22,in,singing,ã„ã¤ã‹å¤¢ã§ã€€ï¼ˆçœ ã‚Œã‚‹æ£®ã®ç¾å¥³ï¼‰,ã„ã¤ã‹ã‚†ã‚ã§ ã­ã‚€ã‚Œã‚‹ã‚‚ã‚Šã®ã³ã˜ã‚‡,https://img.youtube.com/vi/Dwq-fORMprw/hqdefault.jpg,https://www.youtube.com/watch?v=Dwq-fORMprw,Dwq-fORMprw,,1,10,,
43,2020/08/22,in,singing,ã€ç«¥è¬¡ã€‘ã¼ãã®ãƒŸãƒƒã‚¯ã‚¹ã‚¸ãƒ¥ãƒ¼ã‚¹â™ª,ã¼ãã®ãƒŸãƒƒã‚¯ã‚¹ã‚¸ãƒ¥ãƒ¼ã‚¹,https://img.youtube.com/vi/WVxvIjx7sL0/hqdefault.jpg,https://www.youtube.com/watch?v=WVxvIjx7sL0,WVxvIjx7sL0,,1,10,,
44,2020/08/22,in,singing,ã€ç«¥è¬¡ã€‘ãŠã°ã‘ãªã‚“ã¦ãªã„ã•â™ª,ãŠã°ã‘ãªã‚“ã¦ãªã„ã•,https://img.youtube.com/vi/0ketyjfuC0Y/hqdefault.jpg,https://www.youtube.com/watch?v=0ketyjfuC0Y,0ketyjfuC0Y,,1,10,,
45,2020/08/22,in,singing,PPAPï¼ˆPen-Pineapple-Apple-Pen Officialï¼‰ãƒšãƒ³ãƒ‘ã‚¤ãƒŠãƒƒãƒãƒ¼ã‚¢ãƒƒãƒãƒ¼ãƒšãƒ³ï¼PIKOTARO(ãƒ”ã‚³å¤ªéƒ),ã´ãƒ¼ã´ãƒ¼ãˆãƒ¼ã´ãƒ¼,https://img.youtube.com/vi/0E00Zuayv9Q/hqdefault.jpg,https://www.youtube.com/watch?v=0E00Zuayv9Q,0E00Zuayv9Q,,1,10,,
46,2020/08/22,in,singing,æ‹ - æ˜Ÿé‡æº,ã“ã„ ã»ã—ã®ã’ã‚“,https://img.youtube.com/vi/jhOVibLEDhA/hqdefault.jpg,https://www.youtube.com/watch?v=jhOVibLEDhA,jhOVibLEDhA,,3,10,,
47,2020/08/22,in,singing,æ˜Ÿé‡æº â€“ ãƒ‰ãƒ©ãˆã‚‚ã‚“ (Official Video),ãƒ‰ãƒ©ãˆã‚‚ã‚“ - ã»ã—ã®ã’ã‚“,https://img.youtube.com/vi/ypRTzt1KrF8/hqdefault.jpg,https://www.youtube.com/watch?v=ypRTzt1KrF8,ypRTzt1KrF8,,3,10,,
48,2020/08/22,in,singing,ç±³æ´¥ç„å¸« MVã€Œãƒ‘ãƒ—ãƒªã‚«ã€Kenshi Yonezu / Paprika,ã±ã·ã‚Šã‹ - ã‚ˆã­ã¥ã’ã‚“ã—,https://img.youtube.com/vi/s582L3gujnw/hqdefault.jpg,https://www.youtube.com/watch?v=s582L3gujnw,s582L3gujnw,,3,10,,
49,2020/08/22,in,singing,ã€ã‚¸ãƒ–ãƒªã€‘å¤©ç©ºã®åŸãƒ©ãƒ”ãƒ¥ã‚¿ / å›ã‚’ã®ã›ã¦ãƒ»äº•ä¸Šã‚ãšã¿ (ãƒ•ãƒ«Ver.) Studio Ghibli Cover,ãã¿ã‚’ã®ã›ã¦ - ãƒ©ãƒ”ãƒ¥ã‚¿,https://img.youtube.com/vi/N8E8N1ePoOk/hqdefault.jpg,https://www.youtube.com/watch?v=N8E8N1ePoOk,N8E8N1ePoOk,,3,10,,
50,2020/08/22,in,singing,ã€ã‚¸ãƒ–ãƒªã€‘é­”å¥³ã®å®…æ€¥ä¾¿ /ã‚„ã•ã—ã•ã«åŒ…ã¾ã‚ŒãŸãªã‚‰ è’äº•ç”±å®Ÿ(æ¾ä»»è°·ç”±å®Ÿ) (ãƒ•ãƒ«Ver.) Studio Ghibli Cover,ã‚„ã•ã—ã•ã«ã¤ã¤ã¾ã‚ŒãŸãªã‚‰,https://img.youtube.com/vi/RjqJ5n8Egz8/hqdefault.jpg,https://www.youtube.com/watch?v=RjqJ5n8Egz8,RjqJ5n8Egz8,,3,10,,
51,2020/08/22,in,singing,"ã€Œã¨ãªã‚Šã®ãƒˆãƒˆãƒ­ã€æ­Œè©ã¤ã ""My Neighbor Totoro"" covered by Miho Kuroda (åŸæ›²ã‚­ãƒ¼ï¼‰",ã¨ãªã‚Šã®ã¨ã¨ã‚,https://img.youtube.com/vi/S2AdSjrG5iM/hqdefault.jpg,https://www.youtube.com/watch?v=S2AdSjrG5iM,S2AdSjrG5iM,,1,10,,
52,2020/08/22,in,snack,è¶…å¤§é‡ã®ãƒãƒ¼ã‚²ãƒ³ãƒ€ãƒƒãƒ„ã§å†·å‡åº«ãƒ‘ãƒ³ãƒ‘ãƒ³ã«ã—ã¦ã¿ãŸw,ãƒãƒ¼ã‚²ãƒ³ãƒ€ãƒƒãƒ„,https://img.youtube.com/vi/6M9XB739T68/hqdefault.jpg,https://www.youtube.com/watch?v=6M9XB739T68,6M9XB739T68,,3,10,,
53,2020/08/22,in,snack,ã€ä¿è‚²åœ’ã®ãŠã‚„ã¤ãƒ¬ã‚·ãƒ”#2ã€‘å¤ã®ãŠã‚„ã¤ã®å®šç•ªï¼èŒ¹ã§ã¨ã†ã‚‚ã‚ã“ã—,ã¨ã†ã‚‚ã‚ã“ã—,https://img.youtube.com/vi/pkX1ve2RBcY/hqdefault.jpg,https://www.youtube.com/watch?v=pkX1ve2RBcY,pkX1ve2RBcY,,1,10,,
54,2020/08/22,in,snack,ã€ä¿è‚²åœ’ã®ãŠã‚„ã¤ãƒ¬ã‚·ãƒ”#3ã€‘ã‚ãŠã„ã®å¤ç¥­ã‚Šã‚¦ã‚£ãƒ¼ã‚¯ï¼ãƒãƒ§ã‚³ä¸ä½¿ç”¨ã§å®‰å¿ƒâ™ªã‚³ã‚³ã‚¢ãƒãƒŠãƒŠ,ãƒãƒ§ã‚³ãƒãƒŠãƒŠ,https://img.youtube.com/vi/bUEOx9oQ7Qk/hqdefault.jpg,https://www.youtube.com/watch?v=bUEOx9oQ7Qk,bUEOx9oQ7Qk,,1,10,,
55,2020/08/22,in,snack,æ··ãœã¦ç°¡å˜å†·ã‚„ã™ã ã‘ï¼ã¤ã¶ã¤ã¶ ã‚­ã‚¦ã‚¤ ãƒ¨ãƒ¼ã‚°ãƒ«ãƒˆ ã‚±ãƒ¼ã‚­ ã®ä½œã‚Šæ–¹,ã‚­ã‚¦ã‚¤ ãƒ¨ãƒ¼ã‚°ãƒ«ãƒˆ,https://img.youtube.com/vi/XGdjoeHBShI/hqdefault.jpg,https://www.youtube.com/watch?v=XGdjoeHBShI,XGdjoeHBShI,,3,10,,
56,2020/08/22,in,snack,æ··ãœã¦ãƒãƒ³ã™ã‚‹ã ã‘ã€‚ãƒ¬ãƒ³ã‚¸ã§ã€Œæ¿ƒåšWãƒãƒ§ã‚³ãƒ–ãƒ©ã‚¦ãƒ‹ãƒ¼ã€ã® ãƒ¬ã‚·ãƒ” ä½œã‚Šæ–¹,ãƒãƒ§ã‚³ãƒ¬ãƒ¼ãƒˆ ãƒ–ãƒ©ã‚¦ãƒ‹ãƒ¼,https://img.youtube.com/vi/AxXD026Yqmw/hqdefault.jpg,https://www.youtube.com/watch?v=AxXD026Yqmw,AxXD026Yqmw,,3,10,,
57,2020/08/22,in,snack,ã€å®šç•ªã€‘å®¶ã§ã‚‚ä½œã‚Œã‚‹ï¼ã€€ä¿è‚²åœ’ã®ãŠã‚„ã¤ï¼•é¸ã€ç°¡å˜ãŠã„ã—ã„ã€‘,ã»ã„ããˆã‚“ã®ãŠã‚„ã¤,https://img.youtube.com/vi/BqQZTumousU/hqdefault.jpg,https://www.youtube.com/watch?v=BqQZTumousU,BqQZTumousU,,0,10,,